集数,视频流文件路径
第 1 集,"https://res.sparkeak.shop/lsv/1271890a-a700-45f7-b455-381da6396c67/stream/v.m3u8?nonce=jhFVzzyx7xOq&ak=Q5dR8JNooXvB&expired_at=1783965356&sign=0a94b68ec29c6deb936647132b0a24d6&lang=th"
第 2 集,"https://res.sparkeak.shop/lsv/83305c61-73e7-42f1-b5f0-a863b9960cd2/stream/v.m3u8?nonce=D7OBoJnsMCqt&ak=Q5dR8JNooXvB&expired_at=1783965356&sign=ce2b950d0da8ff3941365420caf5eeed&lang=th"
第 3 集,"https://res.sparkeak.shop/lsv/624d649e-b5dd-43de-8e7c-847abf8a6954/stream/v.m3u8?nonce=8GpJDvDsAuAM&ak=Q5dR8JNooXvB&expired_at=1783965356&sign=9ecf710f7db2260a606ed0b54224a367&lang=th"
第 4 集,"https://res.sparkeak.shop/lsv/d2ec0aa8-83f0-4b9a-81b3-82fc45e05831/stream/v.m3u8?nonce=txSD2HbBgwcU&ak=Q5dR8JNooXvB&expired_at=1783965356&sign=ccd6ce4067f66f756e8dabfd5b248749&lang=th"
第 5 集,"https://res.sparkeak.shop/lsv/e3b42e18-c166-4123-9a49-a1b9219f5796/stream/v.m3u8?nonce=dcZe9KsEk66p&ak=Q5dR8JNooXvB&expired_at=1783965356&sign=5803291a7153b0b2b6a5abe11148ca7a&lang=th"
第 6 集,"https://res.sparkeak.shop/lsv/b770024c-0084-474a-871f-a03579074982/stream/v.m3u8?nonce=WTLnyTlv3Tcn&ak=Q5dR8JNooXvB&expired_at=1783965356&sign=20d4043f210361403a2b6fa4a8f6ebe5&lang=th"
第 7 集,"https://res.sparkeak.shop/lsv/01bc5cb0-735c-40cc-ab91-9281c9809056/stream/v.m3u8?nonce=Dfr7APEsB1WR&ak=Q5dR8JNooXvB&expired_at=1783965356&sign=30629954c1f7a60a35e740f24d42acd7&lang=th"
第 8 集,"https://res.sparkeak.shop/lsv/4a89da0a-1de4-4e9c-ac5e-68a8084e53ea/stream/v.m3u8?nonce=aO9ZjaIFjur8&ak=Q5dR8JNooXvB&expired_at=1783965356&sign=f387982584aa7bb72baccf943a6f71e9&lang=th"
第 9 集,"https://res.sparkeak.shop/lsv/a6354899-6d36-46f4-b4ec-dc1d6141dcc4/stream/v.m3u8?nonce=uOO5YgJVQxYM&ak=Q5dR8JNooXvB&expired_at=1783965356&sign=40939d4d17c6db2edfecd9d1ad4a7e98&lang=th"
第 10 集,"https://res.sparkeak.shop/lsv/72d7379e-308f-46e4-a2a5-3940960fdc4d/stream/v.m3u8?nonce=mAjVsbFxbE0B&ak=Q5dR8JNooXvB&expired_at=1783965356&sign=90ff6bdffa002e6e8c1a99da2d68552c&lang=th"
第 11 集,"https://res.sparkeak.shop/lsv/c0eab2bc-74d3-4f9c-b296-ed8d9ceaeae8/stream/v.m3u8?nonce=33wdsBwbCABR&ak=Q5dR8JNooXvB&expired_at=1783965356&sign=05da33d433b639a876965e8344ea7855&lang=th"
第 12 集,"https://res.sparkeak.shop/lsv/b42d0b10-bea8-435c-874d-20b5df734a54/stream/v.m3u8?nonce=m79Rlj0EjHrw&ak=Q5dR8JNooXvB&expired_at=1783965356&sign=ec899449f7bc961c8fae654b41ba127e&lang=th"
第 13 集,"https://res.sparkeak.shop/lsv/4d868735-f7dd-46e6-bea5-6d3dffe1b3ff/stream/v.m3u8?nonce=zD0E8yyatBon&ak=Q5dR8JNooXvB&expired_at=1783965356&sign=a2d87d27cd480ca81510f53a7c532184&lang=th"
第 14 集,"https://res.sparkeak.shop/lsv/3a44898d-3f35-4f76-995a-9ea81a402f1e/stream/v.m3u8?nonce=K5TFR9pqkDM3&ak=Q5dR8JNooXvB&expired_at=1783965356&sign=01a9e24d02767cadb8e72f2e0f4137ea&lang=th"
第 15 集,"https://res.sparkeak.shop/lsv/399838c2-87aa-49a1-9617-ba95781a3c9e/stream/v.m3u8?nonce=GjXKjwUXdaiT&ak=Q5dR8JNooXvB&expired_at=1783965356&sign=a580b320161419a9c264afcc41e26256&lang=th"
第 16 集,"https://res.sparkeak.shop/lsv/41dccb06-6a20-4468-9bcf-82735ca64065/stream/v.m3u8?nonce=tSWR1tkbsNFI&ak=Q5dR8JNooXvB&expired_at=1783965356&sign=756336f8781ba085a213f752fc731cd7&lang=th"
第 17 集,"https://res.sparkeak.shop/lsv/160b2134-2bb0-41de-9f6d-bb99da126ca0/stream/v.m3u8?nonce=2cIQuEOWDNzi&ak=Q5dR8JNooXvB&expired_at=1783965356&sign=5edf7fd04fdb85a613747a805e114a2a&lang=th"
第 18 集,"https://res.sparkeak.shop/lsv/c3010baa-5907-4279-ba6f-2f52834699e4/stream/v.m3u8?nonce=U082yc7NCRc0&ak=Q5dR8JNooXvB&expired_at=1783965356&sign=2b436fd54f7b7b75003b242fdbf98aa8&lang=th"
第 19 集,"https://res.sparkeak.shop/lsv/ba60793f-d626-4ba3-92a2-ae154a783ee2/stream/v.m3u8?nonce=bjhjdJec4bIT&ak=Q5dR8JNooXvB&expired_at=1783965356&sign=a3b481a078c995dc105175408142c3fe&lang=th"
第 20 集,"https://res.sparkeak.shop/lsv/31740830-0062-49bc-be3d-733ed6309654/stream/v.m3u8?nonce=32s9gzpgh9RE&ak=Q5dR8JNooXvB&expired_at=1783965356&sign=ffc803f15d2a19f4c9d3eaaef67e423a&lang=th"
第 21 集,"https://res.sparkeak.shop/lsv/f2da035a-2cdc-4cb7-a992-1362c9fec77d/stream/v.m3u8?nonce=j6oUv4FfNB95&ak=Q5dR8JNooXvB&expired_at=1783965356&sign=5e02d7b83189a7f6976ab7d068041a02&lang=th"
第 22 集,"https://res.sparkeak.shop/lsv/13a65ca2-9e83-4815-b25f-6139cc227f23/stream/v.m3u8?nonce=dvrAc2EWyj1y&ak=Q5dR8JNooXvB&expired_at=1783965356&sign=b061c377e8f42fd43c538d3abcf04b17&lang=th"
第 23 集,"https://res.sparkeak.shop/lsv/af4b9408-24d9-4e40-b69f-bdb4f8485e3c/stream/v.m3u8?nonce=RnBy25Ld5dw7&ak=Q5dR8JNooXvB&expired_at=1783965356&sign=98924271ef6ab8da63be738afe190dc3&lang=th"
第 24 集,"https://res.sparkeak.shop/lsv/4e841a28-3bc1-40a9-a74f-349e517eebff/stream/v.m3u8?nonce=EDKcjMyJ1BNp&ak=Q5dR8JNooXvB&expired_at=1783965356&sign=3be0dca239e042e338b7795c2492e2ec&lang=th"
第 25 集,"https://res.sparkeak.shop/lsv/11ce7098-d727-4cb2-b61e-02f6ccf7357e/stream/v.m3u8?nonce=BBmmrRoOfulC&ak=Q5dR8JNooXvB&expired_at=1783965356&sign=f50901e50c55e1aac750ac4921133714&lang=th"
第 26 集,"https://res.sparkeak.shop/lsv/718573d3-bf79-4652-8551-601785dfe40d/stream/v.m3u8?nonce=iEm2RkDp6xVM&ak=Q5dR8JNooXvB&expired_at=1783965356&sign=e937ab7b4ff0f6aa8b43dd05a1eb68cd&lang=th"
第 27 集,"https://res.sparkeak.shop/lsv/b385e3c8-bbb8-4f95-8a78-7f42c76de7d9/stream/v.m3u8?nonce=rwAgqFi3Ull5&ak=Q5dR8JNooXvB&expired_at=1783965356&sign=1263f182c13074df2f27efc7925a5153&lang=th"
第 28 集,"https://res.sparkeak.shop/lsv/2a60089c-574a-45a7-b345-0f4abe2a3ba7/stream/v.m3u8?nonce=g3JLONO2zPmJ&ak=Q5dR8JNooXvB&expired_at=1783965356&sign=65c91b5c1b6fb31f702410ec9c0708c2&lang=th"
第 29 集,"https://res.sparkeak.shop/lsv/d45c95ee-5bae-448a-9532-fd0433b6f617/stream/v.m3u8?nonce=Za4c21ZLaCyo&ak=Q5dR8JNooXvB&expired_at=1783965356&sign=175128b57b4a1c7a6de14326d54c443d&lang=th"
第 30 集,"https://res.sparkeak.shop/lsv/158d5039-abf0-4781-9a43-59313320b492/stream/v.m3u8?nonce=hRykvZRLZlVV&ak=Q5dR8JNooXvB&expired_at=1783965356&sign=14c6d68d6b964862addef0b680cecfc0&lang=th"
第 31 集,"https://res.sparkeak.shop/lsv/611f3f21-c8c4-4985-b7f9-956d71ca843a/stream/v.m3u8?nonce=B5OnIzaCdFvh&ak=Q5dR8JNooXvB&expired_at=1783965356&sign=831a59fcf4926974031223478d3b57f4&lang=th"
第 32 集,"https://res.sparkeak.shop/lsv/6edc8944-ceb2-47fd-bee4-1bfb60ac4931/stream/v.m3u8?nonce=tMhbYyEviZBe&ak=Q5dR8JNooXvB&expired_at=1783965356&sign=138ba49960f6ec0cd2d73d175cef74b3&lang=th"
第 33 集,"https://res.sparkeak.shop/lsv/1b2fd97e-5b6d-45ff-aff0-8fe249a68bb7/stream/v.m3u8?nonce=oHAlX9PFSOXl&ak=Q5dR8JNooXvB&expired_at=1783965356&sign=4c48da9d1cac2160435b6c46d84eb715&lang=th"
第 34 集,"https://res.sparkeak.shop/lsv/61b9a7d7-1012-41c2-b9a7-669fa2fc44d3/stream/v.m3u8?nonce=ZlLe0gm6FI3J&ak=Q5dR8JNooXvB&expired_at=1783965356&sign=8193f2db486cc07f1f55b729c1bf6d61&lang=th"
第 35 集,"https://res.sparkeak.shop/lsv/a1aa8fcc-fdc8-4b31-9a6f-8108d6b53d98/stream/v.m3u8?nonce=6OGaybNgM6Ds&ak=Q5dR8JNooXvB&expired_at=1783965356&sign=3e84d0388e22709a4ea3c4b844941654&lang=th"
第 36 集,"https://res.sparkeak.shop/lsv/08aec594-f478-416d-ae0d-ee74e289a42a/stream/v.m3u8?nonce=hrZ7tyLaidUl&ak=Q5dR8JNooXvB&expired_at=1783965356&sign=2f96e0db6b9d472af9ad3cbfa9ccc785&lang=th"
第 37 集,"https://res.sparkeak.shop/lsv/921d4753-d674-412c-808d-7f32054c1174/stream/v.m3u8?nonce=kFPkTdvOYa9C&ak=Q5dR8JNooXvB&expired_at=1783965356&sign=1aa34c00f00910c47cc80742fc4d77d4&lang=th"
第 38 集,"https://res.sparkeak.shop/lsv/144da151-2995-4b36-ba48-38e7c8df7cdb/stream/v.m3u8?nonce=BwDjoax55pKE&ak=Q5dR8JNooXvB&expired_at=1783965356&sign=617633bd7c62ec2cab0463a8396e6f05&lang=th"
第 39 集,"https://res.sparkeak.shop/lsv/73c21f34-469a-41f0-ac55-f4cbf45566ef/stream/v.m3u8?nonce=XauW1ieL6xVZ&ak=Q5dR8JNooXvB&expired_at=1783965356&sign=25bfc7b4ce98161337402ad28672b7e1&lang=th"
第 40 集,"https://res.sparkeak.shop/lsv/0ca224a1-428a-4a68-9802-c607e4e8b4bf/stream/v.m3u8?nonce=m4I9iVoEjkvd&ak=Q5dR8JNooXvB&expired_at=1783965356&sign=f218cd4e2366ea3dad10b3bc13171dce&lang=th"
第 41 集,"https://res.sparkeak.shop/lsv/81ed6896-422f-4bb5-b3fb-d7ccb07ded33/stream/v.m3u8?nonce=KQ7Zv8sEqu45&ak=Q5dR8JNooXvB&expired_at=1783965356&sign=4e7ed353751e2c19d5ef3dade09d9eae&lang=th"
第 42 集,"https://res.sparkeak.shop/lsv/2a5ac4ab-6ab3-43eb-ba5b-2b82ce4568d5/stream/v.m3u8?nonce=ejUFDBfZ7sJQ&ak=Q5dR8JNooXvB&expired_at=1783965356&sign=cb6d1c7f057ff3564e922b42822b121d&lang=th"
第 43 集,"https://res.sparkeak.shop/lsv/bd696954-2c9f-4afb-a6e1-dfa3b31a4373/stream/v.m3u8?nonce=Y1IgPIk2yK2n&ak=Q5dR8JNooXvB&expired_at=1783965356&sign=aac1efdaf9360c440f85f92a4772e37b&lang=th"
第 44 集,"https://res.sparkeak.shop/lsv/b74232cc-b30b-49dd-99ee-bc66e1017cbd/stream/v.m3u8?nonce=R0Z6UxnwEox8&ak=Q5dR8JNooXvB&expired_at=1783965356&sign=527760d933aec8145b1b1d79599a7c62&lang=th"
第 45 集,"https://res.sparkeak.shop/lsv/c1dbb21d-19ca-4992-8e1a-93eff75adab3/stream/v.m3u8?nonce=vMXusPoxhCEW&ak=Q5dR8JNooXvB&expired_at=1783965356&sign=bf38b6a2bc9d285f7f3fb5cf93ef0582&lang=th"
第 46 集,"https://res.sparkeak.shop/lsv/86dca195-3645-46c4-af12-51480850fab4/stream/v.m3u8?nonce=uBlZ8478SbiE&ak=Q5dR8JNooXvB&expired_at=1783965356&sign=10ceced9dd660190ea4ce9e675f6635e&lang=th"
第 47 集,"https://res.sparkeak.shop/lsv/0dc474f4-c427-49bc-a747-cdf9888241d9/stream/v.m3u8?nonce=gIJNdutE2r2r&ak=Q5dR8JNooXvB&expired_at=1783965356&sign=74c05fb46ba014738706668796411bcd&lang=th"
第 48 集,"https://res.sparkeak.shop/lsv/99c39773-46f0-4d4d-a76d-2c4c26502719/stream/v.m3u8?nonce=YmPRLdQlDtEK&ak=Q5dR8JNooXvB&expired_at=1783965356&sign=f04baf1135600469e5f8376d73c03771&lang=th"
第 49 集,"https://res.sparkeak.shop/lsv/ad8d3266-48c9-406c-af09-32ad1074f4e5/stream/v.m3u8?nonce=y2FAagdNmo25&ak=Q5dR8JNooXvB&expired_at=1783965356&sign=d9d55c0f454b727069ba32bf1d8a54ac&lang=th"
第 50 集,"https://res.sparkeak.shop/lsv/4bfff164-a712-4d52-810d-186bb2df92a3/stream/v.m3u8?nonce=jRY1zZmr6Ase&ak=Q5dR8JNooXvB&expired_at=1783965356&sign=f74b4d1058144e0f4987b48d51fdaa4c&lang=th"
第 51 集,"https://res.sparkeak.shop/lsv/ec36b730-67cf-4da3-ae4a-21a1583394e1/stream/v.m3u8?nonce=QmPvCQOyoo3X&ak=Q5dR8JNooXvB&expired_at=1783965356&sign=41e986b22dcc0f4527af78f106c1574e&lang=th"
第 52 集,"https://res.sparkeak.shop/lsv/7c3f8d43-51ff-4b8a-a259-acd592e14600/stream/v.m3u8?nonce=Vcy6GRdwK0NP&ak=Q5dR8JNooXvB&expired_at=1783965356&sign=c12d7e34b642e0971732900815fb462b&lang=th"
第 53 集,"https://res.sparkeak.shop/lsv/351cf0fb-3901-481f-969d-6ea99d2e7ef2/stream/v.m3u8?nonce=5fssjz0SuapI&ak=Q5dR8JNooXvB&expired_at=1783965356&sign=ee956593df027204cac787f9813fbf01&lang=th"
第 54 集,"https://res.sparkeak.shop/lsv/5470a001-a2d5-4db4-9fb3-f3cd241312da/stream/v.m3u8?nonce=P0h3nyPTAutL&ak=Q5dR8JNooXvB&expired_at=1783965356&sign=c212de4eea2b9ab63f5f551c11d35402&lang=th"
第 55 集,"https://res.sparkeak.shop/lsv/d74e5f47-7d65-4a0f-9ccb-0db387480044/stream/v.m3u8?nonce=vB4ZFTxvX0RQ&ak=Q5dR8JNooXvB&expired_at=1783965356&sign=30c4263f3df1cced64aca8da79659638&lang=th"
第 56 集,"https://res.sparkeak.shop/lsv/10113fd2-16bb-4b6c-b982-c282c29216a3/stream/v.m3u8?nonce=WZbKV4WoNeWU&ak=Q5dR8JNooXvB&expired_at=1783965356&sign=f67633e4e7b196b2cab88e746bbd278e&lang=th"
第 57 集,"https://res.sparkeak.shop/lsv/b8dd6ce8-8464-4394-842d-a888f0985003/stream/v.m3u8?nonce=QRk8SuXzGOGJ&ak=Q5dR8JNooXvB&expired_at=1783965356&sign=a3b6ee8c4130943e10488c5bdbcb85c7&lang=th"
第 58 集,"https://res.sparkeak.shop/lsv/04692a2e-4d5c-4a15-89cc-9cb372b91506/stream/v.m3u8?nonce=MO0WJ7jUVqUf&ak=Q5dR8JNooXvB&expired_at=1783965356&sign=a10ba6a7f5b392243df389f9ee45831c&lang=th"
第 59 集,"https://res.sparkeak.shop/lsv/8aa67ab8-5cbe-426f-9cad-6e63677e0d9e/stream/v.m3u8?nonce=H6CWpnKSo7tW&ak=Q5dR8JNooXvB&expired_at=1783965356&sign=d572ced1236d5a1b884b386344dcf3ba&lang=th"
第 60 集,"https://res.sparkeak.shop/lsv/3e3d765a-25a7-42b9-aac1-2abfd18b7cc9/stream/v.m3u8?nonce=oC0DGTwt3U0C&ak=Q5dR8JNooXvB&expired_at=1783965356&sign=eb1adc0b413fe447847dbc49bc2b5042&lang=th"
第 61 集,"https://res.sparkeak.shop/lsv/afe97bed-f37d-455d-b24a-ec2c83ed87c5/stream/v.m3u8?nonce=Uwfnm1KxMkEc&ak=Q5dR8JNooXvB&expired_at=1783965356&sign=b8161fa317d52ffb3332db722386d2f1&lang=th"
第 62 集,"https://res.sparkeak.shop/lsv/170b1c32-47e7-4cf1-b9e3-f1f930eac043/stream/v.m3u8?nonce=uMCg16I2MXp0&ak=Q5dR8JNooXvB&expired_at=1783965356&sign=a7558aa3afc8d5c23d2be8a79d9d6bb3&lang=th"
第 63 集,"https://res.sparkeak.shop/lsv/29b1eb52-b54e-4529-bc08-c850385b010d/stream/v.m3u8?nonce=ILKzEHZsZ1NK&ak=Q5dR8JNooXvB&expired_at=1783965356&sign=455190982fea7defc9f61814bd696f1f&lang=th"
第 64 集,"https://res.sparkeak.shop/lsv/ca09569a-5c4e-4781-93ec-ebe9a1f511aa/stream/v.m3u8?nonce=94nI0yLit6oA&ak=Q5dR8JNooXvB&expired_at=1783965356&sign=ce1755b0d33268dbfd5a0ff90923cd7f&lang=th"
第 65 集,"https://res.sparkeak.shop/lsv/f468b008-41e7-4017-b042-176a8a7673c8/stream/v.m3u8?nonce=SWMVlCEQoh6F&ak=Q5dR8JNooXvB&expired_at=1783965356&sign=1eebb435a883e1f5e0431c7a2aba1543&lang=th"
第 66 集,"https://res.sparkeak.shop/lsv/cc5b2fe8-b05d-4236-a164-c91a5113ecbe/stream/v.m3u8?nonce=YL74S6sXHGaB&ak=Q5dR8JNooXvB&expired_at=1783965356&sign=ae2c6c21fa779759b7c05525bf606cd2&lang=th"
第 67 集,"https://res.sparkeak.shop/lsv/153e233b-32df-4843-848c-d4d31219d513/stream/v.m3u8?nonce=wDBf7sHuWEKB&ak=Q5dR8JNooXvB&expired_at=1783965356&sign=fa8bcb11b17fc3bae8f2d718a406ff08&lang=th"
第 68 集,"https://res.sparkeak.shop/lsv/9a38cdd6-92e0-41f4-b76f-ce5e2891c53b/stream/v.m3u8?nonce=RQJqytvCfsh4&ak=Q5dR8JNooXvB&expired_at=1783965356&sign=85ec7febd9d43a3757b66922cf568360&lang=th"
第 69 集,"https://res.sparkeak.shop/lsv/864cb236-2e0a-487c-b17c-a247ec32db1f/stream/v.m3u8?nonce=ygMZT1sp59UL&ak=Q5dR8JNooXvB&expired_at=1783965356&sign=336c56857c3c9eda097411c2f1d46ae6&lang=th"
第 70 集,"https://res.sparkeak.shop/lsv/bfc169ee-a3df-4783-9ad9-1b4c79b5703d/stream/v.m3u8?nonce=GyTMqF01Gg9h&ak=Q5dR8JNooXvB&expired_at=1783965356&sign=3caf6cc60a1a0be52fff5c5e0236b35e&lang=th"
第 71 集,"https://res.sparkeak.shop/lsv/7aa43bdf-c9dd-434a-b2c2-684b4c221d3b/stream/v.m3u8?nonce=nK3GQ42zHDcU&ak=Q5dR8JNooXvB&expired_at=1783965356&sign=af09a3cabc4192350dadd73adfa7d2b9&lang=th"
第 72 集,"https://res.sparkeak.shop/lsv/788469a5-17fd-474a-b75b-12cb8482b41e/stream/v.m3u8?nonce=p7da9WUfrDem&ak=Q5dR8JNooXvB&expired_at=1783965356&sign=5b14d28cf02cee1d3434ae4725ff45f3&lang=th"
第 73 集,"https://res.sparkeak.shop/lsv/8f96107a-6318-4087-a224-c9597a159dd1/stream/v.m3u8?nonce=mVgytONjYZj0&ak=Q5dR8JNooXvB&expired_at=1783965356&sign=eb319b1668a4db639f327e2f39ffdfa2&lang=th"
第 74 集,"https://res.sparkeak.shop/lsv/be5a0565-80a6-4d34-8d99-3ff96521ddb3/stream/v.m3u8?nonce=DdmLNKNjn2EV&ak=Q5dR8JNooXvB&expired_at=1783965356&sign=34281ad733c9fbba4be7c5a129cf688d&lang=th"
第 75 集,"https://res.sparkeak.shop/lsv/873407e2-5d76-4726-83cf-f94defec0754/stream/v.m3u8?nonce=k2YD25xVcoxa&ak=Q5dR8JNooXvB&expired_at=1783965356&sign=7110497b86ac02441827d8af140e6f51&lang=th"
第 76 集,"https://res.sparkeak.shop/lsv/f0bc2a20-347e-480d-90d8-782dcdf9a93e/stream/v.m3u8?nonce=LtxsX5HpZQfb&ak=Q5dR8JNooXvB&expired_at=1783965356&sign=f09fe50f476209cc50beced2bc19decf&lang=th"
第 77 集,"https://res.sparkeak.shop/lsv/97f39b01-5659-480b-9f1f-19c6d76272bb/stream/v.m3u8?nonce=fqm9fx82oFeA&ak=Q5dR8JNooXvB&expired_at=1783965356&sign=b2fc7ed29f5ec00da288a4c94005cf02&lang=th"
第 78 集,"https://res.sparkeak.shop/lsv/9ee37dda-08b8-48a7-a937-3e6a4d580aae/stream/v.m3u8?nonce=PmG0vjhzy1BU&ak=Q5dR8JNooXvB&expired_at=1783965356&sign=585db4fe64db9b396b62b63e04ce6ad8&lang=th"
第 79 集,"https://res.sparkeak.shop/lsv/297d9363-37e4-4eb7-831f-0e85a4dbfff1/stream/v.m3u8?nonce=FGGTVp7En1rk&ak=Q5dR8JNooXvB&expired_at=1783965356&sign=1bf00c3747c2dfe8fe889a48c67a41e9&lang=th"
第 80 集,"https://res.sparkeak.shop/lsv/bdf45e7d-9999-4450-b7a6-a605cf90c7fd/stream/v.m3u8?nonce=2K35F1PfHeg4&ak=Q5dR8JNooXvB&expired_at=1783965356&sign=9927a2b22a95054c5f8743091c600743&lang=th"
第 81 集,"https://res.sparkeak.shop/lsv/baa53d1c-f8d7-4236-bf39-e86698f93454/stream/v.m3u8?nonce=btpAHbCtW4wR&ak=Q5dR8JNooXvB&expired_at=1783965356&sign=66506852bef23d501904224d1f13e4bd&lang=th"
第 82 集,"https://res.sparkeak.shop/lsv/c1cb7325-8f50-4d62-bffe-a4a4471e552f/stream/v.m3u8?nonce=SfFA8nEapLod&ak=Q5dR8JNooXvB&expired_at=1783965356&sign=d3ddcf77e900384f2c34fbc51814bff3&lang=th"
第 83 集,"https://res.sparkeak.shop/lsv/cc848ee6-d6f4-4f4d-8ab6-4ce57880357b/stream/v.m3u8?nonce=9OeeFwjiMGSB&ak=Q5dR8JNooXvB&expired_at=1783965356&sign=d8fdde56aa0b6b57fc4f5889bf6eb325&lang=th"
